-- MySQL dump 10.13  Distrib 8.0.41, for Win64 (x86_64)
--
-- Host: localhost    Database: project
-- ------------------------------------------------------
-- Server version	8.0.41

/*!40101 SET @OLD_CHARACTER_SET_CLIENT=@@CHARACTER_SET_CLIENT */;
/*!40101 SET @OLD_CHARACTER_SET_RESULTS=@@CHARACTER_SET_RESULTS */;
/*!40101 SET @OLD_COLLATION_CONNECTION=@@COLLATION_CONNECTION */;
/*!50503 SET NAMES utf8 */;
/*!40103 SET @OLD_TIME_ZONE=@@TIME_ZONE */;
/*!40103 SET TIME_ZONE='+00:00' */;
/*!40014 SET @OLD_UNIQUE_CHECKS=@@UNIQUE_CHECKS, UNIQUE_CHECKS=0 */;
/*!40014 SET @OLD_FOREIGN_KEY_CHECKS=@@FOREIGN_KEY_CHECKS, FOREIGN_KEY_CHECKS=0 */;
/*!40101 SET @OLD_SQL_MODE=@@SQL_MODE, SQL_MODE='NO_AUTO_VALUE_ON_ZERO' */;
/*!40111 SET @OLD_SQL_NOTES=@@SQL_NOTES, SQL_NOTES=0 */;

--
-- Table structure for table `conditions`
--

DROP TABLE IF EXISTS `conditions`;
/*!40101 SET @saved_cs_client     = @@character_set_client */;
/*!50503 SET character_set_client = utf8mb4 */;
CREATE TABLE `conditions` (
  `Condition_Code` varchar(8) NOT NULL,
  `Type` varchar(150) DEFAULT NULL,
  PRIMARY KEY (`Condition_Code`)
) ENGINE=InnoDB DEFAULT CHARSET=utf8mb4 COLLATE=utf8mb4_0900_ai_ci;
/*!40101 SET character_set_client = @saved_cs_client */;

--
-- Dumping data for table `conditions`
--

LOCK TABLES `conditions` WRITE;
/*!40000 ALTER TABLE `conditions` DISABLE KEYS */;
INSERT INTO `conditions` VALUES ('C001','Anxiety, panic disorders'),('C002','High blood pressure, chest pain'),('C003','Bacterial infections'),('C004','Schizophrenia, bipolar disorder, depression'),('C005','High cholesterol'),('C006','Cough suppressant'),('C007','High blood pressure, heart failure'),('C008','Allergies'),('C009','Depression'),('C010','Anxiety, seizures'),('C011','Muscle spasms'),('C012','ADHD'),('C013','Type 2 diabetes'),('C014','Depression, anxiety, nerve pain'),('C015','Hormone replacement therapy'),('C016','Acid reflux, heartburn'),('C017','Enlarged prostate'),('C018','Fungal infections'),('C019','Depression, OCD'),('C020','Folic acid deficiency, pregnancy support'),('C021','Fluid retention, high blood pressure'),('C022','Nerve pain, seizures'),('C023','High blood pressure, fluid retention'),('C024','Pain relief, inflammation'),('C025','Diabetes'),('C026','Seizures, epilepsy'),('C027','Hypothyroidism'),('C028','High blood pressure'),('C029','ADHD, narcolepsy'),('C030','Inflammation, allergic reactions'),('C031','Bacterial infections, parasitic infections'),('C032','Pain relief'),('C033','Acid reflux, ulcers'),('C034','Seizures, Epilepsy'),('C035','Potassium supplement'),('C036','Schizophrenia, bipolar disorder'),('C037','Type 2 diabetes, weight management'),('C038','Depression, anxiety'),('C039','Erectile dysfunction, pulmonary hypertension'),('C040','Depression, insomnia');
/*!40000 ALTER TABLE `conditions` ENABLE KEYS */;
UNLOCK TABLES;

--
-- Table structure for table `doctor`
--

DROP TABLE IF EXISTS `doctor`;
/*!40101 SET @saved_cs_client     = @@character_set_client */;
/*!50503 SET character_set_client = utf8mb4 */;
CREATE TABLE `doctor` (
  `Doctor_ID` varchar(8) NOT NULL,
  `Type` varchar(60) DEFAULT NULL,
  `Name` varchar(60) DEFAULT NULL,
  `Phone` char(15) DEFAULT NULL,
  `Address_Zip_Code` char(5) DEFAULT NULL,
  `Address_State` char(2) DEFAULT NULL,
  `Address_City` varchar(60) DEFAULT NULL,
  `Address_Street` varchar(100) DEFAULT NULL,
  `Password` varchar(25) DEFAULT NULL,
  PRIMARY KEY (`Doctor_ID`)
) ENGINE=InnoDB DEFAULT CHARSET=utf8mb4 COLLATE=utf8mb4_0900_ai_ci;
/*!40101 SET character_set_client = @saved_cs_client */;

--
-- Dumping data for table `doctor`
--

LOCK TABLES `doctor` WRITE;
/*!40000 ALTER TABLE `doctor` DISABLE KEYS */;
INSERT INTO `doctor` VALUES ('13278','Neurologist','Dr. Danielle Johnson','470-428-3286','30030','GA','Decatur','32181 Johnson Course Apt. 389',NULL),('13478','Ophthalmologist','Dr. Nicole Ward','470-933-9928','30319','GA','Brookhaven','103 Galloway Walk',NULL),('13905','Pediatrician','Dr. Noah Howard','470-438-9279','30303','GA','Atlanta','407 Teresa Lane Apt. 849',NULL),('20328','Ophthalmologist','Dr. Laura Henderson','678-843-6925','30080','GA','Smyrna','6978 Maddox Wall',NULL),('22156','Endocrinologist','Dr. Jason Hahn','404-567-6635','30030','GA','Decatur','76724 John Points Suite 969',NULL),('35203','Pediatrician','Dr. Sherri Frazier','404-877-4733','30319','GA','Brookhaven','845 Kelly Estate',NULL),('38893','Urologist','Dr. Jesse Garcia','678-206-3615','30080','GA','Smyrna','5255 Elizabeth Squares Apt. 928',NULL),('44671','Cardiologist','Dr. Reginald Robinson','770-749-3045','30319','GA','Brookhaven','710 Eric Estate',NULL),('54597','Neurologist','Dr. Jessica Martin','470-420-6514','30080','GA','Smyrna','8350 Lydia Valley Suite 641',NULL),('98696','Ophthalmologist','Dr. Anthony Gonzalez','404-804-7912','30030','GA','Decatur','79402 Peterson Drives Apt. 511',NULL);
/*!40000 ALTER TABLE `doctor` ENABLE KEYS */;
UNLOCK TABLES;

--
-- Table structure for table `drug`
--

DROP TABLE IF EXISTS `drug`;
/*!40101 SET @saved_cs_client     = @@character_set_client */;
/*!50503 SET character_set_client = utf8mb4 */;
CREATE TABLE `drug` (
  `Drug_ID` varchar(8) NOT NULL,
  `Generic_Name` varchar(50) DEFAULT NULL,
  `DEA_Schedule` varchar(15) DEFAULT NULL,
  `Common_Uses` varchar(250) DEFAULT NULL,
  PRIMARY KEY (`Drug_ID`)
) ENGINE=InnoDB DEFAULT CHARSET=utf8mb4 COLLATE=utf8mb4_0900_ai_ci;
/*!40101 SET character_set_client = @saved_cs_client */;

--
-- Dumping data for table `drug`
--

LOCK TABLES `drug` WRITE;
/*!40000 ALTER TABLE `drug` DISABLE KEYS */;
INSERT INTO `drug` VALUES ('11966','amlodipine','Non-Control','High blood pressure, chest pain'),('14492','methylprednisolone','Non-Control','Inflammation, allergic reactions'),('14645','finasteride','Non-Control','Enlarged prostate'),('15641','omeprazole','Non-Control','Acid reflux, ulcers'),('16606','aripiprazole','Non-Control','Schizophrenia, bipolar disorder, depression'),('20365','cephalexin','Non-Control','Bacterial infections'),('21436','fluconazole','Non-Control','Fungal infections'),('21863','fluoxetine','Non-Control','Depression, OCD'),('23393','prednisone','Non-Control','Inflammation, allergic reactions'),('28093','carvedilol','Non-Control','High blood pressure, heart failure'),('31396','insulin glargine','Non-Control','Diabetes'),('31608','hydrochlorothiazide','Non-Control','High blood pressure, fluid retention'),('32767','metronidazole','Non-Control','Bacterial infections, parasitic infections'),('35400','losartan','Non-Control','High blood pressure'),('36135','citalopram','Non-Control','Depression'),('36217','dulaglutide','Non-Control','Type 2 diabetes'),('36969','duloxetine','Non-Control','Depression, anxiety, nerve pain'),('37753','cyclobenzaprine','Non-Control','Muscle spasms'),('38112','estradiol','Non-Control','Hormone replacement therapy'),('39366','quetiapine','Non-Control','Schizophrenia, bipolar disorder'),('46442','levetiracetam','Non-Control','Seizures, epilepsy'),('47557','ibuprofen','Non-Control','Pain relief, inflammation'),('49225','meloxicam','Non-Control','Pain relief, inflammation'),('50549','cetirizine','Non-Control','Allergies'),('53383','methylphenidate','CII','ADHD, narcolepsy'),('55882','furosemide','Non-Control','Fluid retention, high blood pressure'),('59213','potassium chloride','Non-Control','Potassium supplement'),('62103','rosuvastatin','Non-Control','High cholesterol'),('64873','morphine','CII','Pain relief'),('69373','levothyroxine','Non-Control','Hypothyroidism'),('70433','amoxicillin','Non-Control','Bacterial infections'),('70547','testosterone','CIII','Hormone replacement therapy'),('70754','famotidine','Non-Control','Acid reflux, heartburn'),('71225','sertraline','Non-Control','Depression, anxiety'),('71567','azithromycin','Non-Control','Bacterial infections'),('74520','insulin degludec','Non-Control','Diabetes'),('76338','alprazolam','CIV','Anxiety, panic disorders'),('77888','oxcarbazepine','Non-Control','Seizures, Epilepsy'),('82344','semaglutide','Non-Control','Type 2 diabetes, weight management'),('82480','clonazepam','CIV','Anxiety, seizures'),('82950','folic acid','Non-Control','Folic acid deficiency, pregnancy support'),('84154','insulin lispro','Non-Control','Diabetes'),('85845','lisinopril','Non-Control','High blood pressure, heart failure'),('91234','metformin','Non-Control','Type 2 diabetes'),('96473','gabapentin','Non-Control','Nerve pain, seizures'),('98436','methocarbamol','Non-Control','Muscle spasms'),('99196','tadalafil','Non-Control','Erectile dysfunction, pulmonary hypertension');
/*!40000 ALTER TABLE `drug` ENABLE KEYS */;
UNLOCK TABLES;

--
-- Table structure for table `has`
--

DROP TABLE IF EXISTS `has`;
/*!40101 SET @saved_cs_client     = @@character_set_client */;
/*!50503 SET character_set_client = utf8mb4 */;
CREATE TABLE `has` (
  `SSN` char(11) NOT NULL,
  `Condition_Code` varchar(8) NOT NULL,
  PRIMARY KEY (`SSN`,`Condition_Code`),
  KEY `Condition_Code` (`Condition_Code`),
  CONSTRAINT `has_ibfk_1` FOREIGN KEY (`SSN`) REFERENCES `patient` (`SSN`),
  CONSTRAINT `has_ibfk_2` FOREIGN KEY (`Condition_Code`) REFERENCES `conditions` (`Condition_Code`) ON UPDATE CASCADE
) ENGINE=InnoDB DEFAULT CHARSET=utf8mb4 COLLATE=utf8mb4_0900_ai_ci;
/*!40101 SET character_set_client = @saved_cs_client */;

--
-- Dumping data for table `has`
--

LOCK TABLES `has` WRITE;
/*!40000 ALTER TABLE `has` DISABLE KEYS */;
INSERT INTO `has` VALUES ('270-73-9362','C002'),('809-37-6390','C003'),('313-18-8047','C006'),('555-78-7004','C009'),('122-57-6891','C022'),('167-14-6665','C026'),('862-95-7855','C029'),('652-55-8653','C032');
/*!40000 ALTER TABLE `has` ENABLE KEYS */;
UNLOCK TABLES;

--
-- Table structure for table `interactions`
--

DROP TABLE IF EXISTS `interactions`;
/*!40101 SET @saved_cs_client     = @@character_set_client */;
/*!50503 SET character_set_client = utf8mb4 */;
CREATE TABLE `interactions` (
  `Drug_ID` varchar(8) NOT NULL,
  `Interacts_With` varchar(100) DEFAULT NULL,
  `Risk_Level` varchar(15) DEFAULT NULL,
  `Interaction_ID` varchar(8) NOT NULL,
  PRIMARY KEY (`Drug_ID`,`Interaction_ID`),
  CONSTRAINT `interactions_ibfk_1` FOREIGN KEY (`Drug_ID`) REFERENCES `drug` (`Drug_ID`) ON UPDATE CASCADE
) ENGINE=InnoDB DEFAULT CHARSET=utf8mb4 COLLATE=utf8mb4_0900_ai_ci;
/*!40101 SET character_set_client = @saved_cs_client */;

--
-- Dumping data for table `interactions`
--

LOCK TABLES `interactions` WRITE;
/*!40000 ALTER TABLE `interactions` DISABLE KEYS */;
INSERT INTO `interactions` VALUES ('11966','amifostine','Moderate','10853'),('11966','deferasirox','Moderate','11731'),('11966','gadoteric acid','Moderate','13871'),('11966','magnesium sulfate','Moderate','16998'),('11966','tyropanoic acid','Moderate','21328'),('11966','mannitol','Minor','33387'),('11966','gadoxetic acid','Moderate','36386'),('11966','iopromide','Minor','37238'),('11966','promethazine','Moderate','39177'),('11966','calcium acetate','Moderate','46565'),('11966','iothalamic acid','Moderate','46641'),('11966','prednisolone','Moderate','47261'),('11966','sevelamer','Minor','49368'),('11966','leucovorin','Minor','51646'),('11966','acetylcysteine','Minor','52610'),('11966','nitrous acid','Moderate','58109'),('11966','gadoversetamide','Minor','61006'),('11966','cobicistat','Moderate','63331'),('11966','iopanoic acid','Moderate','70029'),('11966','iopodic acid','Moderate','71700'),('11966','folic acid','Minor','81096'),('11966','iodipamide','Moderate','87496'),('11966','diatrizoate','Moderate','88649'),('11966','galactose','Minor','96974'),('11966','gadodiamide','Minor','98083'),('11966','gadopentetic acid','Moderate','98875'),('14492','diazoxide','Moderate','10803'),('14492','deferasirox','Major','11731'),('14492','iodide i-123','Moderate','12814'),('14492','magnesium sulfate','Moderate','16998'),('14492','tolevamer','Moderate','30109'),('14492','mannitol','Minor','33387'),('14492','macimorelin','Moderate','36916'),('14492','iopamidol','Major','37446'),('14492','promethazine','Minor','39177'),('14492','tolbutamide','Moderate','42128'),('14492','prednisolone','Minor','47261'),('14492','leucovorin','Minor','51646'),('14492','iohexol','Major','52403'),('14492','acetylcysteine','Minor','52610'),('14492','cobicistat','Major','63331'),('14492','edrophonium','Moderate','70341'),('14492','naloxone','Minor','77812'),('14492','flumazenil','Minor','80004'),('14492','folic acid','Minor','81096'),('14492','iodide i-131','Moderate','89593'),('14492','galactose','Minor','96974'),('14645','promethazine','Minor','39177'),('14645','prednisolone','Minor','47261'),('14645','sevelamer','Minor','49368'),('14645','leucovorin','Minor','51646'),('14645','acetylcysteine','Minor','52610'),('14645','folic acid','Minor','81096'),('15641','amifostine','Minor','10853'),('15641','deferoxamine','Minor','11347'),('15641','vitamin a','Minor','22945'),('15641','tolevamer','Moderate','30109'),('15641','mannitol','Minor','33387'),('15641','hydroxocobalamin','Minor','34047'),('15641','iopromide','Minor','37238'),('15641','iopamidol','Minor','37446'),('15641','promethazine','Minor','39177'),('15641','tolbutamide','Minor','42128'),('15641','prednisolone','Minor','47261'),('15641','sevelamer','Minor','49368'),('15641','leucovorin','Minor','51646'),('15641','acetylcysteine','Minor','52610'),('15641','ioversol','Minor','56265'),('15641','gadoversetamide','Minor','61006'),('15641','naloxone','Minor','77812'),('15641','flumazenil','Minor','80004'),('15641','iodixanol','Minor','80432'),('15641','folic acid','Minor','81096'),('15641','galactose','Minor','96974'),('15641','gadodiamide','Minor','98083'),('16606','diazoxide','Moderate','10803'),('16606','deferasirox','Moderate','11731'),('16606','macimorelin','Moderate','36916'),('16606','iopamidol','Major','37446'),('16606','promethazine','Moderate','39177'),('16606','tolbutamide','Moderate','42128'),('16606','prednisolone','Minor','47261'),('16606','iohexol','Major','52403'),('16606','ethanol','Moderate','53125'),('16606','physostigmine','Moderate','54250'),('16606','amyl nitrite','Moderate','58386'),('16606','cobicistat','Moderate','63331'),('16606','folic acid','Minor','81096'),('16606','physostigmine (ophthalmic)','Moderate','91596'),('16606','ioflupane i-123','Moderate','92573'),('16606','phentolamine','Moderate','95096'),('20365','promethazine','Minor','39177'),('20365','prednisolone','Minor','47261'),('20365','sevelamer','Minor','49368'),('20365','leucovorin','Minor','51646'),('20365','acetylcysteine','Minor','52610'),('20365','folic acid','Minor','81096'),('20365','galactose','Minor','96974'),('21436','amifostine','Minor','10853'),('21436','deferoxamine','Minor','11347'),('21436','vitamin a','Minor','22945'),('21436','mannitol','Minor','33387'),('21436','macimorelin','Major','36916'),('21436','iopromide','Minor','37238'),('21436','promethazine','Moderate','39177'),('21436','tolbutamide','Major','42128'),('21436','prednisolone','Moderate','47261'),('21436','sevelamer','Minor','49368'),('21436','leucovorin','Minor','51646'),('21436','acetylcysteine','Minor','52610'),('21436','cobicistat','Moderate','63331'),('21436','naloxone','Minor','77812'),('21436','folic acid','Minor','81096'),('21436','galactose','Minor','96974'),('21436','gadodiamide','Minor','98083'),('21863','deferasirox','Moderate','11731'),('21863','iobenguane (i-123)','Moderate','21716'),('21863','mannitol','Moderate','33387'),('21863','macimorelin','Major','36916'),('21863','iopamidol','Major','37446'),('21863','promethazine','Moderate','39177'),('21863','tolbutamide','Moderate','42128'),('21863','prednisolone','Minor','47261'),('21863','tositumomab','Moderate','49493'),('21863','leucovorin','Minor','51646'),('21863','iohexol','Major','52403'),('21863','acetylcysteine','Minor','52610'),('21863','ethanol','Moderate','53125'),('21863','cobicistat','Moderate','63331'),('21863','methylene blue','Major','64452'),('21863','tositumomab (i-131)','Moderate','66679'),('21863','ibritumomab tiuxetan','Moderate','76531'),('21863','folic acid','Minor','81096'),('21863','ioflupane i-123','Moderate','92573'),('23393','diazoxide','Moderate','10803'),('23393','deferoxamine','Minor','11347'),('23393','deferasirox','Major','11731'),('23393','iodide i-123','Moderate','12814'),('23393','magnesium sulfate','Moderate','16998'),('23393','vitamin a','Minor','22945'),('23393','tolevamer','Moderate','30109'),('23393','mannitol','Minor','33387'),('23393','macimorelin','Moderate','36916'),('23393','iopromide','Minor','37238'),('23393','promethazine','Minor','39177'),('23393','tolbutamide','Moderate','42128'),('23393','prednisolone','Minor','47261'),('23393','sevelamer','Minor','49368'),('23393','leucovorin','Minor','51646'),('23393','acetylcysteine','Minor','52610'),('23393','ioversol','Minor','56265'),('23393','gadoversetamide','Minor','61006'),('23393','cobicistat','Moderate','63331'),('23393','edrophonium','Moderate','70341'),('23393','iodixanol','Minor','80432'),('23393','folic acid','Minor','81096'),('23393','iodide i-131','Moderate','89593'),('23393','galactose','Minor','96974'),('23393','gadodiamide','Minor','98083'),('28093','methacholine','Major','10610'),('28093','amifostine','Moderate','10853'),('28093','deferoxamine','Minor','11347'),('28093','gadoteric acid','Moderate','13871'),('28093','tyropanoic acid','Moderate','21328'),('28093','iobenguane (i-131)','Major','28573'),('28093','gadofosveset trisodium','Moderate','29636'),('28093','mannitol','Minor','33387'),('28093','gadoxetic acid','Moderate','36386'),('28093','iopromide','Moderate','37238'),('28093','iopamidol','Moderate','37446'),('28093','promethazine','Moderate','39177'),('28093','tolbutamide','Moderate','42128'),('28093','ioxilan','Moderate','43286'),('28093','calcium acetate','Moderate','46565'),('28093','iothalamic acid','Moderate','46641'),('28093','prednisolone','Moderate','47261'),('28093','sevelamer','Minor','49368'),('28093','leucovorin','Minor','51646'),('28093','iohexol','Moderate','52403'),('28093','acetylcysteine','Minor','52610'),('28093','ethanol','Moderate','53125'),('28093','physostigmine','Moderate','54250'),('28093','ioversol','Moderate','56265'),('28093','nitrous acid','Moderate','58109'),('28093','gadoversetamide','Moderate','61006'),('28093','cobicistat','Moderate','63331'),('28093','gadobutrol','Moderate','66515'),('28093','iopanoic acid','Moderate','70029'),('28093','iopodic acid','Moderate','71700'),('28093','lanthanum carbonate','Moderate','73840'),('28093','iodixanol','Moderate','80432'),('28093','folic acid','Minor','81096'),('28093','magnesium carbonate','Minor','81199'),('28093','iodipamide','Moderate','87496'),('28093','diatrizoate','Moderate','88649'),('28093','gadoteridol','Moderate','94746'),('28093','gadobenic acid','Moderate','94769'),('28093','galactose','Minor','96974'),('28093','gadodiamide','Moderate','98083'),('28093','gadopentetic acid','Moderate','98875'),('31396','diazoxide','Moderate','10803'),('31396','sermorelin','Moderate','18529'),('31396','macimorelin','Moderate','36916'),('31396','fludeoxyglucose (18f)','Moderate','38705'),('31396','promethazine','Moderate','39177'),('31396','tolbutamide','Moderate','42128'),('31396','prednisolone','Moderate','47261'),('31396','ethanol','Moderate','53125'),('31396','phentolamine','Minor','95096'),('31608','diazoxide','Moderate','10803'),('31608','amifostine','Moderate','10853'),('31608','iopromide','Moderate','37238'),('31608','iopamidol','Moderate','37446'),('31608','promethazine','Moderate','39177'),('31608','tolbutamide','Moderate','42128'),('31608','ioxilan','Moderate','43286'),('31608','calcium acetate','Moderate','46565'),('31608','iothalamic acid','Moderate','46641'),('31608','prednisolone','Moderate','47261'),('31608','sevelamer','Minor','49368'),('31608','leucovorin','Minor','51646'),('31608','iohexol','Moderate','52403'),('31608','acetylcysteine','Minor','52610'),('31608','ethanol','Moderate','53125'),('31608','ioversol','Moderate','56265'),('31608','nitrous acid','Moderate','58109'),('31608','gadoversetamide','Minor','61006'),('31608','iodixanol','Moderate','80432'),('31608','folic acid','Minor','81096'),('31608','iodipamide','Moderate','87496'),('31608','diatrizoate','Moderate','88649'),('32767','iodide i-123','Moderate','12814'),('32767','mannitol','Minor','33387'),('32767','macimorelin','Minor','36916'),('32767','iopromide','Minor','37238'),('32767','promethazine','Minor','39177'),('32767','prednisolone','Minor','47261'),('32767','sevelamer','Minor','49368'),('32767','leucovorin','Minor','51646'),('32767','acetylcysteine','Minor','52610'),('32767','ethanol','Major','53125'),('32767','naloxone','Minor','77812'),('32767','folic acid','Minor','81096'),('32767','iodide i-131','Moderate','89593'),('32767','galactose','Minor','96974'),('35400','amifostine','Moderate','10853'),('35400','mannitol','Minor','33387'),('35400','iopromide','Minor','37238'),('35400','promethazine','Moderate','39177'),('35400','tolbutamide','Minor','42128'),('35400','potassium iodide','Major','44902'),('35400','prednisolone','Moderate','47261'),('35400','sevelamer','Minor','49368'),('35400','leucovorin','Minor','51646'),('35400','acetylcysteine','Minor','52610'),('35400','nitrous acid','Moderate','58109'),('35400','folic acid','Minor','81096'),('35400','galactose','Minor','96974'),('35400','gadodiamide','Minor','98083'),('36135','deferasirox','Moderate','11731'),('36135','iobenguane (i-123)','Moderate','21716'),('36135','mannitol','Moderate','33387'),('36135','hydroxocobalamin','Minor','34047'),('36135','macimorelin','Major','36916'),('36135','iopromide','Minor','37238'),('36135','iopamidol','Major','37446'),('36135','promethazine','Major','39177'),('36135','tolbutamide','Moderate','42128'),('36135','prednisolone','Minor','47261'),('36135','sevelamer','Minor','49368'),('36135','tositumomab','Moderate','49493'),('36135','leucovorin','Minor','51646'),('36135','iohexol','Major','52403'),('36135','acetylcysteine','Minor','52610'),('36135','ethanol','Moderate','53125'),('36135','gadoversetamide','Minor','61006'),('36135','cobicistat','Minor','63331'),('36135','methylene blue','Major','64452'),('36135','tositumomab (i-131)','Moderate','66679'),('36135','caffeine','Minor','67487'),('36135','ibritumomab tiuxetan','Moderate','76531'),('36135','naloxone','Minor','77812'),('36135','folic acid','Minor','81096'),('36135','ioflupane i-123','Moderate','92573'),('36135','galactose','Minor','96974'),('36135','gadodiamide','Minor','98083'),('36217','diazoxide','Moderate','10803'),('36217','sermorelin','Moderate','18529'),('36217','promethazine','Moderate','39177'),('36217','tolbutamide','Moderate','42128'),('36217','prednisolone','Moderate','47261'),('36217','ethanol','Moderate','53125'),('36969','deferoxamine','Minor','11347'),('36969','deferasirox','Moderate','11731'),('36969','iobenguane (i-123)','Moderate','21716'),('36969','iobenguane (i-131)','Major','28573'),('36969','mannitol','Moderate','33387'),('36969','iopamidol','Major','37446'),('36969','promethazine','Moderate','39177'),('36969','prednisolone','Minor','47261'),('36969','sevelamer','Minor','49368'),('36969','tositumomab','Moderate','49493'),('36969','leucovorin','Minor','51646'),('36969','iohexol','Major','52403'),('36969','ethanol','Moderate','53125'),('36969','cobicistat','Moderate','63331'),('36969','methylene blue','Major','64452'),('36969','tositumomab (i-131)','Moderate','66679'),('36969','caffeine','Moderate','67487'),('36969','ibritumomab tiuxetan','Moderate','76531'),('36969','folic acid','Minor','81096'),('36969','magnesium carbonate','Minor','81199'),('36969','ioflupane i-123','Moderate','92573'),('37753','deferasirox','Moderate','11731'),('37753','iopamidol','Major','37446'),('37753','promethazine','Moderate','39177'),('37753','prednisolone','Minor','47261'),('37753','sevelamer','Minor','49368'),('37753','leucovorin','Minor','51646'),('37753','iohexol','Major','52403'),('37753','ethanol','Moderate','53125'),('37753','physostigmine','Moderate','54250'),('37753','methylene blue','Major','64452'),('37753','folic acid','Minor','81096'),('37753','physostigmine (ophthalmic)','Moderate','91596'),('38112','deferasirox','Moderate','11731'),('38112','vitamin a','Minor','22945'),('38112','promethazine','Minor','39177'),('38112','tolbutamide','Moderate','42128'),('38112','prednisolone','Moderate','47261'),('38112','leucovorin','Minor','51646'),('38112','acetylcysteine','Minor','52610'),('38112','cobicistat','Moderate','63331'),('38112','folic acid','Minor','81096'),('38112','metyrapone','Moderate','83027'),('39366','diazoxide','Moderate','10803'),('39366','deferasirox','Moderate','11731'),('39366','mannitol','Minor','33387'),('39366','macimorelin','Major','36916'),('39366','iopromide','Minor','37238'),('39366','iopamidol','Major','37446'),('39366','promethazine','Moderate','39177'),('39366','tolbutamide','Moderate','42128'),('39366','prednisolone','Minor','47261'),('39366','sevelamer','Minor','49368'),('39366','leucovorin','Minor','51646'),('39366','iohexol','Major','52403'),('39366','acetylcysteine','Minor','52610'),('39366','ethanol','Minor','53125'),('39366','physostigmine','Moderate','54250'),('39366','amyl nitrite','Moderate','58386'),('39366','cobicistat','Major','63331'),('39366','caffeine','Minor','67487'),('39366','folic acid','Minor','81096'),('39366','physostigmine (ophthalmic)','Moderate','91596'),('39366','ioflupane i-123','Moderate','92573'),('39366','phentolamine','Moderate','95096'),('39366','galactose','Minor','96974'),('46442','mannitol','Minor','33387'),('46442','promethazine','Moderate','39177'),('46442','prednisolone','Minor','47261'),('46442','sevelamer','Minor','49368'),('46442','leucovorin','Minor','51646'),('46442','acetylcysteine','Minor','52610'),('46442','ethanol','Moderate','53125'),('46442','folic acid','Minor','81096'),('47557','deferasirox','Major','11731'),('47557','mannitol','Minor','33387'),('47557','macimorelin','Moderate','36916'),('47557','iopromide','Major','37238'),('47557','iopamidol','Major','37446'),('47557','promethazine','Minor','39177'),('47557','tolbutamide','Moderate','42128'),('47557','ioxilan','Major','43286'),('47557','potassium iodide','Moderate','44902'),('47557','iothalamic acid','Major','46641'),('47557','prednisolone','Moderate','47261'),('47557','sevelamer','Minor','49368'),('47557','tositumomab','Major','49493'),('47557','leucovorin','Minor','51646'),('47557','iohexol','Major','52403'),('47557','acetylcysteine','Minor','52610'),('47557','ethanol','Moderate','53125'),('47557','ioversol','Major','56265'),('47557','tositumomab (i-131)','Major','66679'),('47557','caffeine','Minor','67487'),('47557','ibritumomab tiuxetan','Major','76531'),('47557','iodixanol','Major','80432'),('47557','folic acid','Minor','81096'),('47557','iodipamide','Major','87496'),('47557','diatrizoate','Major','88649'),('47557','galactose','Minor','96974'),('49225','deferasirox','Major','11731'),('49225','tolevamer','Major','30109'),('49225','macimorelin','Moderate','36916'),('49225','iopromide','Major','37238'),('49225','iopamidol','Major','37446'),('49225','promethazine','Minor','39177'),('49225','tolbutamide','Moderate','42128'),('49225','ioxilan','Major','43286'),('49225','potassium iodide','Moderate','44902'),('49225','iothalamic acid','Major','46641'),('49225','prednisolone','Moderate','47261'),('49225','tositumomab','Major','49493'),('49225','leucovorin','Minor','51646'),('49225','iohexol','Major','52403'),('49225','ethanol','Moderate','53125'),('49225','ioversol','Major','56265'),('49225','tositumomab (i-131)','Major','66679'),('49225','ibritumomab tiuxetan','Major','76531'),('49225','iodixanol','Major','80432'),('49225','folic acid','Minor','81096'),('49225','iodipamide','Major','87496'),('49225','diatrizoate','Major','88649'),('49225','galactose','Minor','96974'),('50549','iodide i-123','Moderate','12814'),('50549','vitamin a','Minor','22945'),('50549','promethazine','Moderate','39177'),('50549','prednisolone','Minor','47261'),('50549','sevelamer','Minor','49368'),('50549','leucovorin','Minor','51646'),('50549','acetylcysteine','Minor','52610'),('50549','ethanol','Moderate','53125'),('50549','histamine','Moderate','78313'),('50549','folic acid','Minor','81096'),('50549','iodide i-131','Moderate','89593'),('53383','iobenguane (i-123)','Moderate','21716'),('53383','iobenguane (i-131)','Major','28573'),('53383','iopamidol','Major','37446'),('53383','promethazine','Moderate','39177'),('53383','prednisolone','Minor','47261'),('53383','leucovorin','Minor','51646'),('53383','iohexol','Major','52403'),('53383','ethanol','Moderate','53125'),('53383','methylene blue','Major','64452'),('53383','folic acid','Minor','81096'),('53383','ioflupane i-123','Moderate','92573'),('55882','amifostine','Moderate','10853'),('55882','deferoxamine','Minor','11347'),('55882','vitamin a','Minor','22945'),('55882','sodium zirconium cyclosilicate','Moderate','27610'),('55882','mannitol','Minor','33387'),('55882','iopromide','Moderate','37238'),('55882','iopamidol','Moderate','37446'),('55882','promethazine','Moderate','39177'),('55882','tolbutamide','Moderate','42128'),('55882','ioxilan','Moderate','43286'),('55882','iothalamic acid','Moderate','46641'),('55882','prednisolone','Moderate','47261'),('55882','sevelamer','Minor','49368'),('55882','leucovorin','Minor','51646'),('55882','iohexol','Moderate','52403'),('55882','acetylcysteine','Minor','52610'),('55882','ethanol','Moderate','53125'),('55882','ioversol','Moderate','56265'),('55882','nitrous acid','Moderate','58109'),('55882','gadoversetamide','Minor','61006'),('55882','naloxone','Minor','77812'),('55882','flumazenil','Minor','80004'),('55882','iodixanol','Moderate','80432'),('55882','folic acid','Minor','81096'),('55882','iodipamide','Moderate','87496'),('55882','diatrizoate','Moderate','88649'),('55882','galactose','Minor','96974'),('55882','gadodiamide','Minor','98083'),('59213','vitamin a','Minor','22945'),('59213','mannitol','Minor','33387'),('59213','iopromide','Minor','37238'),('59213','promethazine','Major','39177'),('59213','tolbutamide','Minor','42128'),('59213','prednisolone','Minor','47261'),('59213','sevelamer','Minor','49368'),('59213','leucovorin','Minor','51646'),('59213','acetylcysteine','Minor','52610'),('59213','ioversol','Minor','56265'),('59213','naloxone','Minor','77812'),('59213','iodixanol','Minor','80432'),('59213','folic acid','Minor','81096'),('59213','galactose','Minor','96974'),('59213','gadodiamide','Minor','98083'),('62103','iopamidol','Minor','37446'),('62103','promethazine','Minor','39177'),('62103','prednisolone','Minor','47261'),('62103','sevelamer','Minor','49368'),('62103','leucovorin','Minor','51646'),('62103','acetylcysteine','Minor','52610'),('62103','ethanol','Moderate','53125'),('62103','ioversol','Minor','56265'),('62103','cobicistat','Moderate','63331'),('62103','folic acid','Minor','81096'),('62103','magnesium carbonate','Moderate','81199'),('64873','diazoxide','Moderate','10803'),('64873','mannitol','Minor','33387'),('64873','iopromide','Minor','37238'),('64873','iopamidol','Major','37446'),('64873','promethazine','Moderate','39177'),('64873','prednisolone','Minor','47261'),('64873','sevelamer','Minor','49368'),('64873','leucovorin','Minor','51646'),('64873','iohexol','Major','52403'),('64873','acetylcysteine','Minor','52610'),('64873','ethanol','Major','53125'),('64873','ioversol','Minor','56265'),('64873','amyl nitrite','Moderate','58386'),('64873','methylene blue','Major','64452'),('64873','caffeine','Minor','67487'),('64873','naloxone','Moderate','77812'),('64873','flumazenil','Minor','80004'),('64873','iodixanol','Minor','80432'),('64873','folic acid','Minor','81096'),('64873','phentolamine','Moderate','95096'),('64873','galactose','Minor','96974'),('69373','amifostine','Minor','10853'),('69373','deferoxamine','Minor','11347'),('69373','vitamin a','Minor','22945'),('69373','tolevamer','Moderate','30109'),('69373','mannitol','Minor','33387'),('69373','hydroxocobalamin','Minor','34047'),('69373','iopromide','Minor','37238'),('69373','promethazine','Minor','39177'),('69373','tolbutamide','Moderate','42128'),('69373','calcium acetate','Moderate','46565'),('69373','prednisolone','Minor','47261'),('69373','sevelamer','Moderate','49368'),('69373','leucovorin','Minor','51646'),('69373','acetylcysteine','Minor','52610'),('69373','ioversol','Minor','56265'),('69373','tetraferric tricitrate decahydrate','Moderate','57852'),('69373','gadoversetamide','Minor','61006'),('69373','lanthanum carbonate','Moderate','73840'),('69373','naloxone','Minor','77812'),('69373','iodixanol','Minor','80432'),('69373','folic acid','Minor','81096'),('69373','magnesium carbonate','Moderate','81199'),('69373','iron sucrose','Moderate','84603'),('69373','iodide i-131','Moderate','89593'),('69373','galactose','Minor','96974'),('69373','gadodiamide','Minor','98083'),('70433','iodide i-123','Moderate','12814'),('70433','promethazine','Minor','39177'),('70433','prednisolone','Minor','47261'),('70433','leucovorin','Minor','51646'),('70433','acetylcysteine','Minor','52610'),('70433','folic acid','Minor','81096'),('70433','iodide i-131','Moderate','89593'),('70547','deferoxamine','Minor','11347'),('70547','deferasirox','Moderate','11731'),('70547','promethazine','Minor','39177'),('70547','tolbutamide','Moderate','42128'),('70547','prednisolone','Moderate','47261'),('70547','sevelamer','Minor','49368'),('70547','leucovorin','Minor','51646'),('70547','folic acid','Minor','81096'),('70547','gadodiamide','Minor','98083'),('70754','vitamin a','Minor','22945'),('70754','mannitol','Minor','33387'),('70754','iopamidol','Minor','37446'),('70754','promethazine','Moderate','39177'),('70754','tolbutamide','Moderate','42128'),('70754','prednisolone','Minor','47261'),('70754','sevelamer','Minor','49368'),('70754','leucovorin','Minor','51646'),('70754','iohexol','Minor','52403'),('70754','acetylcysteine','Minor','52610'),('70754','ioversol','Minor','56265'),('70754','iodixanol','Minor','80432'),('70754','folic acid','Minor','81096'),('70754','magnesium carbonate','Minor','81199'),('70754','galactose','Minor','96974'),('70754','gadodiamide','Minor','98083'),('71225','deferasirox','Moderate','11731'),('71225','iobenguane (i-123)','Moderate','21716'),('71225','mannitol','Moderate','33387'),('71225','hydroxocobalamin','Minor','34047'),('71225','macimorelin','Major','36916'),('71225','iopromide','Minor','37238'),('71225','iopamidol','Major','37446'),('71225','promethazine','Moderate','39177'),('71225','tolbutamide','Moderate','42128'),('71225','prednisolone','Minor','47261'),('71225','sevelamer','Minor','49368'),('71225','tositumomab','Moderate','49493'),('71225','leucovorin','Minor','51646'),('71225','iohexol','Major','52403'),('71225','acetylcysteine','Minor','52610'),('71225','ethanol','Moderate','53125'),('71225','gadoversetamide','Minor','61006'),('71225','cobicistat','Moderate','63331'),('71225','methylene blue','Major','64452'),('71225','tositumomab (i-131)','Moderate','66679'),('71225','ibritumomab tiuxetan','Moderate','76531'),('71225','folic acid','Minor','81096'),('71225','ioflupane i-123','Moderate','92573'),('71225','galactose','Minor','96974'),('71225','gadodiamide','Minor','98083'),('71567','vitamin a','Minor','22945'),('71567','mannitol','Minor','33387'),('71567','macimorelin','Major','36916'),('71567','promethazine','Moderate','39177'),('71567','prednisolone','Minor','47261'),('71567','leucovorin','Minor','51646'),('71567','acetylcysteine','Minor','52610'),('71567','folic acid','Minor','81096'),('71567','magnesium carbonate','Moderate','81199'),('71567','galactose','Minor','96974'),('74520','diazoxide','Moderate','10803'),('74520','sermorelin','Moderate','18529'),('74520','macimorelin','Moderate','36916'),('74520','fludeoxyglucose (18f)','Moderate','38705'),('74520','promethazine','Moderate','39177'),('74520','tolbutamide','Moderate','42128'),('74520','prednisolone','Moderate','47261'),('74520','ethanol','Moderate','53125'),('74520','phentolamine','Minor','95096'),('76338','diazoxide','Moderate','10803'),('76338','deferasirox','Moderate','11731'),('76338','iodide i-123','Moderate','12814'),('76338','promethazine','Moderate','39177'),('76338','prednisolone','Minor','47261'),('76338','sevelamer','Minor','49368'),('76338','leucovorin','Minor','51646'),('76338','acetylcysteine','Minor','52610'),('76338','ethanol','Moderate','53125'),('76338','amyl nitrite','Moderate','58386'),('76338','cobicistat','Moderate','63331'),('76338','flumazenil','Moderate','80004'),('76338','folic acid','Minor','81096'),('76338','magnesium carbonate','Minor','81199'),('76338','iodide i-131','Moderate','89593'),('76338','phentolamine','Moderate','95096'),('76338','galactose','Minor','96974'),('76338','gadodiamide','Minor','98083'),('77888','macimorelin','Moderate','36916'),('77888','promethazine','Moderate','39177'),('77888','tolbutamide','Moderate','42128'),('77888','levoleucovorin','Moderate','42956'),('77888','prednisolone','Moderate','47261'),('77888','sevelamer','Minor','49368'),('77888','leucovorin','Moderate','51646'),('77888','ethanol','Moderate','53125'),('77888','cobicistat','Moderate','63331'),('77888','methylene blue','Major','64452'),('77888','folic acid','Moderate','81096'),('82344','diazoxide','Moderate','10803'),('82344','sermorelin','Moderate','18529'),('82344','promethazine','Moderate','39177'),('82344','tolbutamide','Moderate','42128'),('82344','prednisolone','Moderate','47261'),('82344','ethanol','Moderate','53125'),('82480','diazoxide','Moderate','10803'),('82480','deferasirox','Moderate','11731'),('82480','iodide i-123','Moderate','12814'),('82480','vitamin a','Minor','22945'),('82480','mannitol','Minor','33387'),('82480','hydroxocobalamin','Minor','34047'),('82480','promethazine','Moderate','39177'),('82480','prednisolone','Minor','47261'),('82480','sevelamer','Minor','49368'),('82480','leucovorin','Minor','51646'),('82480','ethanol','Moderate','53125'),('82480','amyl nitrite','Moderate','58386'),('82480','cobicistat','Moderate','63331'),('82480','methylene blue','Moderate','64452'),('82480','caffeine','Minor','67487'),('82480','flumazenil','Moderate','80004'),('82480','folic acid','Minor','81096'),('82480','magnesium carbonate','Minor','81199'),('82480','iodide i-131','Moderate','89593'),('82480','phentolamine','Moderate','95096'),('82480','gadodiamide','Minor','98083'),('82950','cefazolin','Minor','10089'),('82950','metronidazole','Minor','10709'),('82950','clotrimazole','Minor','10750'),('82950','vitamin d','Minor','10915'),('82950','donepezil','Minor','10986'),('82950','sulfadoxine','Moderate','11236'),('82950','deferoxamine','Minor','11347'),('82950','isradipine','Minor','11382'),('82950','vardenafil','Minor','11644'),('82950','pyrimethamine','Moderate','11774'),('82950','rifampicin','Minor','11937'),('82950','cerivastatin','Minor','11997'),('82950','cefadroxil','Minor','12371'),('82950','epoprostenol','Minor','12454'),('82950','valdecoxib','Minor','12595'),('82950','prednisone','Minor','13931'),('82950','chlorzoxazone','Minor','14179'),('82950','valganciclovir','Minor','14601'),('82950','amphotericin b','Minor','14846'),('82950','lidocaine','Minor','15008'),('82950','vinorelbine','Minor','15216'),('82950','sulfamethizole','Moderate','15529'),('82950','chlorthalidone','Minor','15583'),('82950','acetazolamide','Minor','15732'),('82950','orlistat','Minor','15857'),('82950','ribavirin','Minor','15865'),('82950','famciclovir','Minor','16361'),('82950','latanoprost','Minor','16528'),('82950','triazolam','Minor','17244'),('82950','indomethacin','Minor','17312'),('82950','hydroxyzine','Minor','17509'),('82950','acebutolol','Minor','17694'),('82950','methylprednisolone','Minor','17704'),('82950','ceftazidime','Minor','17749'),('82950','bicalutamide','Minor','18402'),('82950','oxaprozin','Minor','18904'),('82950','ofloxacin','Minor','18951'),('82950','propofol','Minor','19134'),('82950','nelfinavir','Minor','19277'),('82950','budesonide','Minor','19682'),('82950','amitriptyline','Minor','19708'),('82950','ciprofloxacin','Minor','19877'),('82950','triamcinolone','Minor','20162'),('82950','methocarbamol','Minor','20303'),('82950','chlordiazepoxide','Minor','20537'),('82950','galantamine','Minor','21045'),('82950','selenium sulfide','Minor','21169'),('82950','ramipril','Minor','21466'),('82950','sertraline','Minor','21710'),('82950','flurazepam','Minor','21937'),('82950','eslicarbazepine','Moderate','22062'),('82950','dapsone','Minor','22132'),('82950','cefotaxime','Minor','22303'),('82950','chlorothiazide','Minor','22844'),('82950','vitamin a','Minor','22945'),('82950','atazanavir','Minor','23132'),('82950','perindopril','Minor','23140'),('82950','bortezomib','Minor','24001'),('82950','vancomycin','Minor','24175'),('82950','dolasetron','Minor','24223'),('82950','dicyclomine','Minor','24249'),('82950','ambrisentan','Minor','24263'),('82950','tetracycline','Minor','24676'),('82950','chloroquine','Minor','24911'),('82950','cephalexin','Minor','24936'),('82950','sulfisoxazole','Moderate','25157'),('82950','fosinopril','Minor','25223'),('82950','probenecid','Minor','25225'),('82950','trazodone','Minor','25254'),('82950','acetylsalicylic acid','Minor','25522'),('82950','potassium chloride','Minor','25560'),('82950','ethambutol','Minor','25705'),('82950','lorazepam','Minor','26340'),('82950','trimethoprim','Moderate','26400'),('82950','gefitinib','Minor','26689'),('82950','bimatoprost','Minor','26719'),('82950','metolazone','Minor','26819'),('82950','risedronic acid','Minor','26988'),('82950','finasteride','Minor','27075'),('82950','dexamethasone','Minor','27589'),('82950','fenofibrate','Minor','27647'),('82950','irinotecan','Minor','27651'),('82950','pilocarpine','Minor','27792'),('82950','indapamide','Minor','28767'),('82950','salmeterol','Minor','29282'),('82950','oxcarbazepine','Moderate','29487'),('82950','ranitidine','Minor','29495'),('82950','flurbiprofen','Minor','29894'),('82950','modafinil','Minor','29901'),('82950','levetiracetam','Minor','30087'),('82950','entacapone','Minor','30089'),('82950','tizanidine','Minor','30240'),('82950','cetirizine','Minor','30317'),('82950','clindamycin','Minor','30442'),('82950','leflunomide','Minor','30770'),('82950','rabeprazole','Minor','30942'),('82950','erlotinib','Minor','32149'),('82950','colestipol','Moderate','32511'),('82950','telithromycin','Minor','33311'),('82950','pentoxifylline','Minor','33386'),('82950','mannitol','Minor','33387'),('82950','levothyroxine','Minor','33420'),('82950','hydroxyurea','Minor','33470'),('82950','repaglinide','Minor','33602'),('82950','dutasteride','Minor','33821'),('82950','meloxicam','Minor','33873'),('82950','pioglitazone','Minor','34014'),('82950','hydroxocobalamin','Minor','34047'),('82950','levocarnitine','Minor','34149'),('82950','terbinafine','Minor','34248'),('82950','fexofenadine','Minor','34492'),('82950','glimepiride','Minor','34605'),('82950','methsuximide','Moderate','34687'),('82950','estradiol','Minor','34872'),('82950','etoposide','Minor','35341'),('82950','pravastatin','Minor','35374'),('82950','alfuzosin','Minor','35417'),('82950','phensuximide','Moderate','35453'),('82950','oxazepam','Minor','35483'),('82950','ethotoin','Moderate','35634'),('82950','fluticasone','Minor','35685'),('82950','tamsulosin','Minor','35745'),('82950','nisoldipine','Minor','35762'),('82950','methylphenobarbital','Moderate','35887'),('82950','cefdinir','Minor','36077'),('82950','mephenytoin','Moderate','36347'),('82950','fludarabine','Minor','36844'),('82950','tiotropium','Minor','36907'),('82950','doxepin','Minor','36934'),('82950','azathioprine','Minor','37353'),('82950','pemetrexed','Minor','37644'),('82950','cholestyramine','Moderate','37958'),('82950','memantine','Minor','38398'),('82950','ritonavir','Minor','38445'),('82950','nitrazepam','Minor','38499'),('82950','sulfamethoxazole','Moderate','38656'),('82950','amlodipine','Minor','38693'),('82950','salbutamol','Minor','38698'),('82950','lactulose','Minor','38995'),('82950','amantadine','Minor','39031'),('82950','dihydroergotamine','Minor','39123'),('82950','promethazine','Minor','39177'),('82950','fentanyl','Minor','39211'),('82950','carbamazepine','Moderate','39249'),('82950','diltiazem','Minor','39453'),('82950','isoflurane','Minor','39936'),('82950','abacavir','Minor','40003'),('82950','mupirocin','Minor','40066'),('82950','progesterone','Minor','40183'),('82950','arsenic trioxide','Minor','40506'),('82950','carmustine','Minor','40607'),('82950','hydrocortisone','Minor','40793'),('82950','pantoprazole','Minor','40812'),('82950','celecoxib','Minor','41017'),('82950','sotalol','Minor','42228'),('82950','lansoprazole','Minor','42975'),('82950','testosterone','Minor','43170'),('82950','doxazosin','Minor','43420'),('82950','isoniazid','Minor','43526'),('82950','meperidine','Minor','43530'),('82950','verapamil','Minor','43771'),('82950','cefaclor','Minor','43943'),('82950','ciclopirox','Minor','43950'),('82950','diazepam','Minor','44161'),('82950','fluorouracil','Major','44345'),('82950','ganciclovir','Minor','44379'),('82950','sucralfate','Minor','44384'),('82950','mesalazine','Minor','44556'),('82950','carisoprodol','Minor','44815'),('82950','alendronic acid','Minor','45403'),('82950','ondansetron','Minor','45546'),('82950','darifenacin','Minor','45988'),('82950','methotrexate','Moderate','46028'),('82950','palonosetron','Minor','46064'),('82950','propranolol','Minor','46110'),('82950','chloramphenicol','Minor','46154'),('82950','diclofenac','Minor','47092'),('82950','oxycodone','Minor','47185'),('82950','haloperidol','Minor','47223'),('82950','ceftriaxone','Minor','47237'),('82950','prednisolone','Minor','47261'),('82950','methylphenidate','Minor','47294'),('82950','lisinopril','Minor','47325'),('82950','zonisamide','Minor','47327'),('82950','phenobarbital','Moderate','47378'),('82950','fosphenytoin','Moderate','47474'),('82950','sulfadiazine','Moderate','47756'),('82950','methyldopa','Minor','47840'),('82950','fluconazole','Minor','48757'),('82950','paricalcitol','Minor','48831'),('82950','isosorbide dinitrate','Minor','48965'),('82950','quinidine','Minor','49070'),('82950','granisetron','Minor','49223'),('82950','sevelamer','Minor','49368'),('82950','ketoprofen','Minor','49466'),('82950','telmisartan','Minor','49659'),('82950','rofecoxib','Minor','50575'),('82950','furosemide','Minor','50656'),('82950','famotidine','Minor','50756'),('82950','sulindac','Minor','50785'),('82950','phylloquinone','Minor','50900'),('82950','lenalidomide','Minor','50917'),('82950','lovastatin','Minor','51144'),('82950','timolol','Minor','51183'),('82950','cefuroxime','Minor','51268'),('82950','ursodeoxycholic acid','Minor','51352'),('82950','cyanocobalamin','Minor','51371'),('82950','temazepam','Minor','51372'),('82950','bumetanide','Minor','51399'),('82950','zolmitriptan','Minor','51494'),('82950','citalopram','Minor','51554'),('82950','leucovorin','Minor','51646'),('82950','liothyronine','Minor','52010'),('82950','ertapenem','Minor','52376'),('82950','loratadine','Minor','52482'),('82950','capecitabine','Major','52494'),('82950','cefepime','Minor','52515'),('82950','acetylcysteine','Minor','52610'),('82950','ropinirole','Minor','52898'),('82950','alprazolam','Minor','53064'),('82950','cyclophosphamide','Minor','53073'),('82950','alprostadil','Minor','53527'),('82950','nateglinide','Minor','53982'),('82950','losartan','Minor','54203'),('82950','metoprolol','Minor','54315'),('82950','paclitaxel','Minor','54386'),('82950','nortriptyline','Minor','54632'),('82950','simvastatin','Minor','54841'),('82950','lamotrigine','Moderate','54988'),('82950','travoprost','Minor','55006'),('82950','rufinamide','Moderate','55037'),('82950','dextromethorphan','Minor','55140'),('82950','montelukast','Minor','55642'),('82950','tegaserod','Minor','55724'),('82950','calcitriol','Minor','56268'),('82950','zolpidem','Minor','56369'),('82950','calcipotriol','Minor','56524'),('82950','moexipril','Minor','56534'),('82950','atenolol','Minor','57976'),('82950','nitrofurantoin','Minor','58459'),('82950','labetalol','Minor','58628'),('82950','varenicline','Minor','58773'),('82950','atovaquone','Minor','59112'),('82950','allopurinol','Minor','59389'),('82950','droperidol','Minor','59453'),('82950','bisoprolol','Minor','59580'),('82950','calcium chloride','Minor','59608'),('82950','clonidine','Minor','59962'),('82950','iloprost','Minor','60107'),('82950','cinacalcet','Minor','60687'),('82950','etidronic acid','Minor','61121'),('82950','clopidogrel','Minor','61348'),('82950','dipyridamole','Minor','61510'),('82950','felbamate','Moderate','61693'),('82950','docetaxel','Minor','62050'),('82950','efavirenz','Minor','62337'),('82950','formoterol','Minor','63789'),('82950','imatinib','Minor','64184'),('82950','pancrelipase','Moderate','64536'),('82950','mirtazapine','Minor','64734'),('82950','cabergoline','Minor','64804'),('82950','pramipexole','Minor','64853'),('82950','doxycycline','Minor','64933'),('82950','topiramate','Minor','65340'),('82950','valproic acid','Moderate','65462'),('82950','captopril','Minor','65537'),('82950','sildenafil','Minor','65915'),('82950','ezetimibe','Minor','66230'),('82950','nifedipine','Minor','66370'),('82950','buspirone','Minor','66381'),('82950','chlorhexidine','Minor','66412'),('82950','cyclobenzaprine','Minor','66649'),('82950','pregabalin','Minor','67456'),('82950','caffeine','Minor','67487'),('82950','stavudine','Minor','67802'),('82950','hydrochlorothiazide','Minor','68061'),('82950','acarbose','Minor','68265'),('82950','pamidronic acid','Minor','68417'),('82950','atomoxetine','Minor','68658'),('82950','dofetilide','Minor','69165'),('82950','duloxetine','Minor','69327'),('82950','didanosine','Minor','69369'),('82950','heparin','Minor','69544'),('82950','niacin','Minor','69623'),('82950','zoledronic acid','Minor','69675'),('82950','irbesartan','Minor','69771'),('82950','fluoxetine','Minor','70354'),('82950','morphine','Minor','70901'),('82950','minoxidil','Minor','71199'),('82950','torasemide','Minor','71225'),('82950','auranofin','Minor','71321'),('82950','sulfasalazine','Minor','71500'),('82950','desloratadine','Minor','71616'),('82950','primidone','Moderate','71693'),('82950','doxorubicin','Minor','71772'),('82950','bosentan','Minor','72011'),('82950','zidovudine','Minor','72177'),('82950','naproxen','Minor','73159'),('82950','metoclopramide','Minor','73750'),('82950','acyclovir','Minor','74179'),('82950','nicotine','Minor','74556'),('82950','gamma-aminobutyric acid','Minor','74943'),('82950','gemcitabine','Minor','74950'),('82950','balsalazide','Minor','75976'),('82950','clarithromycin','Minor','76537'),('82950','nizatidine','Minor','76807'),('82950','gemfibrozil','Minor','77159'),('82950','valaciclovir','Minor','77378'),('82950','dactinomycin','Minor','77503'),('82950','atorvastatin','Minor','77607'),('82950','terazosin','Minor','77698'),('82950','fluocinonide','Minor','77851'),('82950','ibandronate','Minor','78071'),('82950','olanzapine','Minor','78176'),('82950','clonazepam','Minor','78212'),('82950','thalidomide','Minor','78536'),('82950','azithromycin','Minor','78791'),('82950','quinapril','Minor','78806'),('82950','clozapine','Minor','78850'),('82950','misoprostol','Minor','78940'),('82950','moxifloxacin','Minor','79257'),('82950','buprenorphine','Minor','79566'),('82950','orphenadrine','Minor','79593'),('82950','nitroglycerin','Minor','79989'),('82950','flumazenil','Minor','80004'),('82950','nystatin','Minor','80129'),('82950','rosiglitazone','Minor','80230'),('82950','tamoxifen','Minor','80321'),('82950','nadolol','Minor','80398'),('82950','carvedilol','Minor','80748'),('82950','tramadol','Minor','80820'),('82950','etodolac','Minor','81084'),('82950','rivastigmine','Minor','81147'),('82950','estazolam','Minor','81196'),('82950','vincristine','Minor','81353'),('82950','theophylline','Minor','81502'),('82950','acetaminophen','Minor','81736'),('82950','digoxin','Minor','81966'),('82950','glyburide','Minor','82121'),('82950','ampicillin','Minor','82819'),('82950','flunisolide','Minor','82829'),('82950','ethosuximide','Moderate','83041'),('82950','bupropion','Minor','83643'),('82950','venlafaxine','Minor','83881'),('82950','octreotide','Minor','84079'),('82950','danazol','Minor','84275'),('82950','omeprazole','Minor','84717'),('82950','lamivudine','Minor','84758'),('82950','hydromorphone','Minor','85120'),('82950','gabapentin','Minor','85255'),('82950','tacrolimus','Minor','85314'),('82950','sodium bicarbonate','Minor','85400'),('82950','cytarabine','Minor','85605'),('82950','triamterene','Moderate','85831'),('82950','baclofen','Minor','85925'),('82950','oxybutynin','Minor','85933'),('82950','adenosine','Minor','85956'),('82950','hydroxychloroquine','Minor','86375'),('82950','linezolid','Minor','86609'),('82950','loperamide','Minor','86663'),('82950','fluphenazine','Minor','86673'),('82950','rosuvastatin','Minor','86896'),('82950','nevirapine','Minor','87195'),('82950','cyclosporine','Minor','87297'),('82950','nabumetone','Minor','87687'),('82950','phenytoin','Moderate','88096'),('82950','metformin','Minor','88122'),('82950','quetiapine','Minor','88139'),('82950','ibuprofen','Minor','88193'),('82950','econazole','Minor','88477'),('82950','erythromycin','Minor','89027'),('82950','isosorbide mononitrate','Minor','89514'),('82950','mitoxantrone','Minor','89941'),('82950','warfarin','Minor','90187'),('82950','risperidone','Minor','90270'),('82950','amiodarone','Minor','90581'),('82950','ziprasidone','Minor','90593'),('82950','pyrazinamide','Minor','90764'),('82950','benazepril','Minor','90825'),('82950','anastrozole','Minor','91049'),('82950','tadalafil','Minor','91097'),('82950','aripiprazole','Minor','91442'),('82950','fluvastatin','Minor','91443'),('82950','epinephrine','Minor','91450'),('82950','mercaptopurine','Minor','91511'),('82950','rizatriptan','Minor','91783'),('82950','voriconazole','Minor','92144'),('82950','imipramine','Minor','92274'),('82950','paroxetine','Minor','92364'),('82950','raloxifene','Minor','92458'),('82950','cefprozil','Minor','92634'),('82950','itraconazole','Minor','93333'),('82950','sorafenib','Minor','93358'),('82950','ketorolac','Minor','93530'),('82950','norfloxacin','Minor','93663'),('82950','flecainide','Minor','94264'),('82950','zafirlukast','Minor','94759'),('82950','gatifloxacin','Minor','94760'),('82950','letrozole','Minor','94919'),('82950','glipizide','Minor','94934'),('82950','sumatriptan','Minor','94943'),('82950','tretinoin','Minor','94977'),('82950','prochlorperazine','Minor','95142'),('82950','gentamicin','Minor','95324'),('82950','pirbuterol','Minor','95540'),('82950','zaleplon','Minor','95745'),('82950','valsartan','Minor','95848'),('82950','piroxicam','Minor','95916'),('82950','felodipine','Minor','95994'),('82950','azelastine','Minor','96008'),('82950','oxaliplatin','Minor','96393'),('82950','enalapril','Minor','96791'),('82950','cisplatin','Minor','96938'),('82950','galactose','Minor','96974'),('82950','cimetidine','Minor','97117'),('82950','brimonidine','Minor','97369'),('82950','diflunisal','Minor','97691'),('82950','zopiclone','Minor','97821'),('82950','gadodiamide','Minor','98083'),('82950','tolterodine','Minor','98110'),('82950','chlorpromazine','Minor','98221'),('82950','carboplatin','Minor','98292'),('82950','aprepitant','Minor','98555'),('82950','sirolimus','Minor','98588'),('82950','amoxicillin','Minor','98592'),('82950','spironolactone','Minor','99554'),('82950','aminocaproic acid','Minor','99632'),('82950','clobetasol','Minor','99702'),('82950','butorphanol','Minor','99807'),('82950','olopatadine','Minor','99848'),('84154','diazoxide','Moderate','10803'),('84154','sermorelin','Moderate','18529'),('84154','macimorelin','Moderate','36916'),('84154','fludeoxyglucose (18f)','Moderate','38705'),('84154','promethazine','Moderate','39177'),('84154','tolbutamide','Moderate','42128'),('84154','prednisolone','Moderate','47261'),('84154','ethanol','Moderate','53125'),('84154','phentolamine','Minor','95096'),('85845','amifostine','Moderate','10853'),('85845','deferoxamine','Minor','11347'),('85845','vitamin a','Minor','22945'),('85845','mannitol','Moderate','33387'),('85845','hydroxocobalamin','Minor','34047'),('85845','iopromide','Minor','37238'),('85845','promethazine','Moderate','39177'),('85845','tolbutamide','Moderate','42128'),('85845','potassium iodide','Major','44902'),('85845','prednisolone','Moderate','47261'),('85845','sevelamer','Minor','49368'),('85845','leucovorin','Minor','51646'),('85845','acetylcysteine','Minor','52610'),('85845','nitrous acid','Moderate','58109'),('85845','gadoversetamide','Minor','61006'),('85845','lanthanum carbonate','Moderate','73840'),('85845','iodixanol','Minor','80432'),('85845','folic acid','Minor','81096'),('85845','magnesium carbonate','Minor','81199'),('85845','iron sucrose','Moderate','84603'),('85845','galactose','Minor','96974'),('85845','gadodiamide','Minor','98083'),('91234','diazoxide','Moderate','10803'),('91234','sermorelin','Moderate','18529'),('91234','vitamin a','Minor','22945'),('91234','iopromide','Major','37238'),('91234','iopamidol','Major','37446'),('91234','promethazine','Moderate','39177'),('91234','tolbutamide','Moderate','42128'),('91234','ioxilan','Major','43286'),('91234','iothalamic acid','Major','46641'),('91234','prednisolone','Moderate','47261'),('91234','leucovorin','Minor','51646'),('91234','iohexol','Major','52403'),('91234','acetylcysteine','Minor','52610'),('91234','ethanol','Major','53125'),('91234','ioversol','Major','56265'),('91234','gadoversetamide','Minor','61006'),('91234','iodixanol','Major','80432'),('91234','folic acid','Minor','81096'),('91234','iodipamide','Major','87496'),('91234','diatrizoate','Major','88649'),('91234','galactose','Minor','96974'),('96473','mannitol','Minor','33387'),('96473','iopromide','Minor','37238'),('96473','promethazine','Moderate','39177'),('96473','prednisolone','Minor','47261'),('96473','sevelamer','Minor','49368'),('96473','leucovorin','Minor','51646'),('96473','acetylcysteine','Minor','52610'),('96473','ethanol','Moderate','53125'),('96473','gadoversetamide','Minor','61006'),('96473','folic acid','Minor','81096'),('96473','magnesium carbonate','Minor','81199'),('96473','galactose','Minor','96974'),('96473','gadodiamide','Minor','98083'),('98436','diazoxide','Moderate','10803'),('98436','promethazine','Moderate','39177'),('98436','prednisolone','Minor','47261'),('98436','leucovorin','Minor','51646'),('98436','ethanol','Moderate','53125'),('98436','amyl nitrite','Moderate','58386'),('98436','folic acid','Minor','81096'),('98436','phentolamine','Moderate','95096'),('99196','diazoxide','Minor','10803'),('99196','amifostine','Moderate','10853'),('99196','deferasirox','Moderate','11731'),('99196','prednisolone','Minor','47261'),('99196','ethanol','Moderate','53125'),('99196','nitrous acid','Moderate','58109'),('99196','amyl nitrite','Major','58386'),('99196','cobicistat','Moderate','63331'),('99196','folic acid','Minor','81096'),('99196','phentolamine','Moderate','95096');
/*!40000 ALTER TABLE `interactions` ENABLE KEYS */;
UNLOCK TABLES;

--
-- Table structure for table `patient`
--

DROP TABLE IF EXISTS `patient`;
/*!40101 SET @saved_cs_client     = @@character_set_client */;
/*!50503 SET character_set_client = utf8mb4 */;
CREATE TABLE `patient` (
  `SSN` char(11) NOT NULL,
  `Name` varchar(60) DEFAULT NULL,
  `Gender` varchar(8) DEFAULT NULL,
  `Phone` char(14) DEFAULT NULL,
  `Birthday` date DEFAULT NULL,
  `Address_Zip_Code` char(5) DEFAULT NULL,
  `Address_State` char(2) DEFAULT NULL,
  `Address_City` varchar(60) DEFAULT NULL,
  `Address_Street` varchar(60) DEFAULT NULL,
  `Password` varchar(25) DEFAULT NULL,
  PRIMARY KEY (`SSN`)
) ENGINE=InnoDB DEFAULT CHARSET=utf8mb4 COLLATE=utf8mb4_0900_ai_ci;
/*!40101 SET character_set_client = @saved_cs_client */;

--
-- Dumping data for table `patient`
--

LOCK TABLES `patient` WRITE;
/*!40000 ALTER TABLE `patient` DISABLE KEYS */;
INSERT INTO `patient` VALUES ('122-57-6891','Vanessa Novak','Female','678-777-3512','2006-06-07','30030','GA','Decatur','45610 Ford Fields',NULL),('167-14-6665','Robert Allen','Male','770-321-8546','1959-05-10','30303','GA','Atlanta','3898 Cook Dale Suite 556',NULL),('270-73-9362','Stephanie Flores','Female','470-907-9692','1979-05-09','30319','GA','Brookhaven','2006 Rios Cape',NULL),('285-45-2077','Diana Summers','Female','470-614-6943','1938-10-10','30303','GA','Atlanta','2473 Rodriguez Union',NULL),('313-18-8047','Jenny Sullivan','Female','678-416-2815','1965-04-26','30080','GA','Smyrna','73815 Nathan Lake Apt. 492',NULL),('555-78-7004','Jeffrey Torres','Male','770-533-4912','1990-02-02','30060','GA','Marietta','954 Casey Forks',NULL),('652-55-8653','Kevin Lee','Male','470-816-4632','2002-12-05','30319','GA','Brookhaven','0839 Samantha Oval Apt. 571',NULL),('780-44-7465','Victoria Reynolds','Female','770-434-7929','1937-02-04','30319','GA','Brookhaven','26597 Vernon Wells Suite 280',NULL),('809-37-6390','Dawn Martin','Female','404-461-4166','1967-12-27','30328','GA','Sandy Springs','537 Allen Turnpike Suite 631',NULL),('862-95-7855','Tiffany Jones','Female','770-421-9766','2006-09-11','30030','GA','Decatur','719 Sparks Dam Apt. 387',NULL);
/*!40000 ALTER TABLE `patient` ENABLE KEYS */;
UNLOCK TABLES;

--
-- Table structure for table `pharmacy`
--

DROP TABLE IF EXISTS `pharmacy`;
/*!40101 SET @saved_cs_client     = @@character_set_client */;
/*!50503 SET character_set_client = utf8mb4 */;
CREATE TABLE `pharmacy` (
  `Pharmacy_ID` varchar(8) NOT NULL,
  `Pharmacy_Name` varchar(60) DEFAULT NULL,
  `Hours` varchar(100) DEFAULT NULL,
  `Phone` char(15) DEFAULT NULL,
  `Address_Zip_Code` char(5) DEFAULT NULL,
  `Address_State` char(2) DEFAULT NULL,
  `Address_City` varchar(60) DEFAULT NULL,
  `Address_Street` varchar(60) DEFAULT NULL,
  `Password` varchar(25) DEFAULT NULL,
  PRIMARY KEY (`Pharmacy_ID`)
) ENGINE=InnoDB DEFAULT CHARSET=utf8mb4 COLLATE=utf8mb4_0900_ai_ci;
/*!40101 SET character_set_client = @saved_cs_client */;

--
-- Dumping data for table `pharmacy`
--

LOCK TABLES `pharmacy` WRITE;
/*!40000 ALTER TABLE `pharmacy` DISABLE KEYS */;
INSERT INTO `pharmacy` VALUES ('15070','Costco Pharmacy','10AM8PM','404-381-4489','30030','GA','Decatur','4573 Mack Ridge',NULL),('26354','Kroger Pharmacy','9AM7PM','470-905-4244','30075','GA','Roswell','6895 Ortiz Garden',NULL),('26830','Costco Pharmacy','7AM3PM','404-734-5072','30338','GA','Dunwoody','64023 David Crossroad',NULL),('35506','Costco Pharmacy','7AM3PM','678-557-7707','30319','GA','Brookhaven','70025 Owens Rapids Apt. 071',NULL),('41121','Target Pharmacy','11AM9PM','470-611-6353','30075','GA','Roswell','7774 Sarah Fall',NULL),('41167','Walmart Pharmacy','11AM9PM','678-396-5894','30080','GA','Smyrna','1395 Christopher Shores Suite 951',NULL),('54095','Target Pharmacy','9AM7PM','678-987-1940','30328','GA','Sandy Springs','249 Mullen Hollow Apt. 828',NULL),('66065','Target Pharmacy','7AM3PM','404-740-6341','30303','GA','Atlanta','37983 Murphy Crossroad Suite 708',NULL),('68580','Target Pharmacy','7AM3PM','678-246-3903','30328','GA','Sandy Springs','363 Jacobson Keys',NULL),('94512','Target Pharmacy','7AM3PM','470-400-7520','30080','GA','Smyrna','763 Erica Centers Suite 770',NULL);
/*!40000 ALTER TABLE `pharmacy` ENABLE KEYS */;
UNLOCK TABLES;

--
-- Table structure for table `prescribes`
--

DROP TABLE IF EXISTS `prescribes`;
/*!40101 SET @saved_cs_client     = @@character_set_client */;
/*!50503 SET character_set_client = utf8mb4 */;
CREATE TABLE `prescribes` (
  `Drug_ID` varchar(8) NOT NULL,
  `SSN` char(11) NOT NULL,
  `Doctor_ID` varchar(8) NOT NULL,
  `Pharmacy_ID` varchar(8) NOT NULL,
  PRIMARY KEY (`Drug_ID`,`SSN`,`Doctor_ID`,`Pharmacy_ID`),
  KEY `SSN` (`SSN`),
  KEY `Doctor_ID` (`Doctor_ID`),
  KEY `Pharmacy_ID` (`Pharmacy_ID`),
  CONSTRAINT `prescribes_ibfk_1` FOREIGN KEY (`Drug_ID`) REFERENCES `drug` (`Drug_ID`),
  CONSTRAINT `prescribes_ibfk_2` FOREIGN KEY (`SSN`) REFERENCES `patient` (`SSN`),
  CONSTRAINT `prescribes_ibfk_3` FOREIGN KEY (`Doctor_ID`) REFERENCES `doctor` (`Doctor_ID`),
  CONSTRAINT `prescribes_ibfk_4` FOREIGN KEY (`Pharmacy_ID`) REFERENCES `pharmacy` (`Pharmacy_ID`) ON UPDATE CASCADE
) ENGINE=InnoDB DEFAULT CHARSET=utf8mb4 COLLATE=utf8mb4_0900_ai_ci;
/*!40101 SET character_set_client = @saved_cs_client */;

--
-- Dumping data for table `prescribes`
--

LOCK TABLES `prescribes` WRITE;
/*!40000 ALTER TABLE `prescribes` DISABLE KEYS */;
/*!40000 ALTER TABLE `prescribes` ENABLE KEYS */;
UNLOCK TABLES;

--
-- Table structure for table `sees`
--

DROP TABLE IF EXISTS `sees`;
/*!40101 SET @saved_cs_client     = @@character_set_client */;
/*!50503 SET character_set_client = utf8mb4 */;
CREATE TABLE `sees` (
  `SSN` char(11) NOT NULL,
  `Doctor_ID` varchar(8) DEFAULT NULL,
  PRIMARY KEY (`SSN`),
  KEY `Doctor_ID` (`Doctor_ID`),
  CONSTRAINT `sees_ibfk_1` FOREIGN KEY (`SSN`) REFERENCES `patient` (`SSN`),
  CONSTRAINT `sees_ibfk_2` FOREIGN KEY (`Doctor_ID`) REFERENCES `doctor` (`Doctor_ID`) ON UPDATE CASCADE
) ENGINE=InnoDB DEFAULT CHARSET=utf8mb4 COLLATE=utf8mb4_0900_ai_ci;
/*!40101 SET character_set_client = @saved_cs_client */;

--
-- Dumping data for table `sees`
--

LOCK TABLES `sees` WRITE;
/*!40000 ALTER TABLE `sees` DISABLE KEYS */;
INSERT INTO `sees` VALUES ('122-57-6891','13278');
/*!40000 ALTER TABLE `sees` ENABLE KEYS */;
UNLOCK TABLES;

--
-- Table structure for table `stock`
--

DROP TABLE IF EXISTS `stock`;
/*!40101 SET @saved_cs_client     = @@character_set_client */;
/*!50503 SET character_set_client = utf8mb4 */;
CREATE TABLE `stock` (
  `Pharmacy_ID` varchar(8) NOT NULL,
  `Drug_ID` varchar(8) NOT NULL,
  `Quantity` smallint DEFAULT NULL,
  PRIMARY KEY (`Pharmacy_ID`,`Drug_ID`),
  KEY `Drug_ID` (`Drug_ID`),
  CONSTRAINT `stock_ibfk_1` FOREIGN KEY (`Pharmacy_ID`) REFERENCES `pharmacy` (`Pharmacy_ID`),
  CONSTRAINT `stock_ibfk_2` FOREIGN KEY (`Drug_ID`) REFERENCES `drug` (`Drug_ID`) ON UPDATE CASCADE
) ENGINE=InnoDB DEFAULT CHARSET=utf8mb4 COLLATE=utf8mb4_0900_ai_ci;
/*!40101 SET character_set_client = @saved_cs_client */;

--
-- Dumping data for table `stock`
--

LOCK TABLES `stock` WRITE;
/*!40000 ALTER TABLE `stock` DISABLE KEYS */;
INSERT INTO `stock` VALUES ('15070','11966',139),('15070','14492',445),('15070','14645',226),('15070','15641',149),('15070','16606',258),('15070','20365',116),('15070','21436',427),('15070','21863',474),('15070','23393',38),('15070','28093',335),('15070','31396',221),('15070','31608',139),('15070','32767',44),('15070','35400',86),('15070','36135',305),('15070','36217',32),('15070','36969',472),('15070','37753',341),('15070','38112',221),('15070','39366',216),('15070','46442',148),('15070','47557',158),('15070','49225',369),('15070','50549',337),('15070','53383',172),('15070','55882',48),('15070','59213',368),('15070','62103',474),('15070','64873',64),('15070','69373',75),('15070','70433',330),('15070','70547',398),('15070','70754',403),('15070','71225',187),('15070','71567',137),('15070','74520',35),('15070','76338',5),('15070','77888',422),('15070','82344',180),('15070','82480',169),('15070','82950',146),('15070','84154',329),('15070','85845',395),('15070','91234',204),('15070','96473',176),('15070','98436',275),('15070','99196',84),('26354','11966',21),('26354','14492',194),('26354','14645',273),('26354','15641',139),('26354','16606',222),('26354','20365',14),('26354','21436',264),('26354','21863',254),('26354','23393',111),('26354','28093',387),('26354','31396',117),('26354','31608',285),('26354','32767',346),('26354','35400',159),('26354','36135',122),('26354','36217',249),('26354','36969',387),('26354','37753',138),('26354','38112',76),('26354','39366',288),('26354','46442',428),('26354','47557',267),('26354','49225',57),('26354','50549',2),('26354','53383',234),('26354','55882',462),('26354','59213',208),('26354','62103',465),('26354','64873',280),('26354','69373',153),('26354','70433',304),('26354','70547',88),('26354','70754',420),('26354','71225',297),('26354','71567',498),('26354','74520',355),('26354','76338',100),('26354','77888',273),('26354','82344',469),('26354','82480',73),('26354','82950',187),('26354','84154',25),('26354','85845',477),('26354','91234',212),('26354','96473',87),('26354','98436',234),('26354','99196',14),('26830','11966',229),('26830','14492',37),('26830','14645',283),('26830','15641',490),('26830','16606',495),('26830','20365',259),('26830','21436',200),('26830','21863',253),('26830','23393',306),('26830','28093',106),('26830','31396',157),('26830','31608',90),('26830','32767',336),('26830','35400',239),('26830','36135',71),('26830','36217',294),('26830','36969',75),('26830','37753',201),('26830','38112',272),('26830','39366',323),('26830','46442',149),('26830','47557',365),('26830','49225',152),('26830','50549',342),('26830','53383',459),('26830','55882',477),('26830','59213',56),('26830','62103',216),('26830','64873',352),('26830','69373',470),('26830','70433',403),('26830','70547',245),('26830','70754',444),('26830','71225',136),('26830','71567',415),('26830','74520',484),('26830','76338',302),('26830','77888',284),('26830','82344',27),('26830','82480',43),('26830','82950',287),('26830','84154',336),('26830','85845',133),('26830','91234',382),('26830','96473',21),('26830','98436',304),('26830','99196',158),('35506','11966',206),('35506','14492',479),('35506','14645',384),('35506','15641',432),('35506','16606',26),('35506','20365',198),('35506','21436',259),('35506','21863',7),('35506','23393',313),('35506','28093',180),('35506','31396',210),('35506','31608',167),('35506','32767',67),('35506','35400',448),('35506','36135',304),('35506','36217',269),('35506','36969',316),('35506','37753',110),('35506','38112',188),('35506','39366',372),('35506','46442',285),('35506','47557',203),('35506','49225',277),('35506','50549',401),('35506','53383',268),('35506','55882',411),('35506','59213',372),('35506','62103',333),('35506','64873',161),('35506','69373',12),('35506','70433',293),('35506','70547',497),('35506','70754',202),('35506','71225',437),('35506','71567',459),('35506','74520',104),('35506','76338',390),('35506','77888',153),('35506','82344',346),('35506','82480',430),('35506','82950',183),('35506','84154',214),('35506','85845',432),('35506','91234',172),('35506','96473',163),('35506','98436',232),('35506','99196',492),('41121','11966',168),('41121','14492',464),('41121','14645',465),('41121','15641',165),('41121','16606',138),('41121','20365',289),('41121','21436',295),('41121','21863',493),('41121','23393',228),('41121','28093',114),('41121','31396',460),('41121','31608',123),('41121','32767',81),('41121','35400',238),('41121','36135',433),('41121','36217',370),('41121','36969',473),('41121','37753',171),('41121','38112',201),('41121','39366',462),('41121','46442',201),('41121','47557',204),('41121','49225',334),('41121','50549',112),('41121','53383',129),('41121','55882',200),('41121','59213',318),('41121','62103',490),('41121','64873',307),('41121','69373',465),('41121','70433',412),('41121','70547',463),('41121','70754',149),('41121','71225',333),('41121','71567',13),('41121','74520',446),('41121','76338',182),('41121','77888',464),('41121','82344',36),('41121','82480',94),('41121','82950',283),('41121','84154',169),('41121','85845',500),('41121','91234',65),('41121','96473',183),('41121','98436',383),('41121','99196',227),('41167','11966',68),('41167','14492',362),('41167','14645',37),('41167','15641',301),('41167','16606',446),('41167','20365',472),('41167','21436',70),('41167','21863',252),('41167','23393',173),('41167','28093',407),('41167','31396',170),('41167','31608',385),('41167','32767',289),('41167','35400',244),('41167','36135',1),('41167','36217',60),('41167','36969',120),('41167','37753',213),('41167','38112',38),('41167','39366',475),('41167','46442',97),('41167','47557',218),('41167','49225',367),('41167','50549',51),('41167','53383',322),('41167','55882',354),('41167','59213',384),('41167','62103',436),('41167','64873',497),('41167','69373',487),('41167','70433',134),('41167','70547',116),('41167','70754',13),('41167','71225',45),('41167','71567',356),('41167','74520',49),('41167','76338',107),('41167','77888',140),('41167','82344',369),('41167','82480',233),('41167','82950',186),('41167','84154',482),('41167','85845',447),('41167','91234',272),('41167','96473',167),('41167','98436',55),('41167','99196',177),('54095','11966',398),('54095','14492',170),('54095','14645',484),('54095','15641',348),('54095','16606',5),('54095','20365',434),('54095','21436',321),('54095','21863',374),('54095','23393',336),('54095','28093',402),('54095','31396',418),('54095','31608',65),('54095','32767',208),('54095','35400',220),('54095','36135',343),('54095','36217',83),('54095','36969',286),('54095','37753',268),('54095','38112',368),('54095','39366',222),('54095','46442',160),('54095','47557',47),('54095','49225',189),('54095','50549',95),('54095','53383',414),('54095','55882',75),('54095','59213',182),('54095','62103',127),('54095','64873',237),('54095','69373',280),('54095','70433',219),('54095','70547',28),('54095','70754',287),('54095','71225',71),('54095','71567',65),('54095','74520',108),('54095','76338',30),('54095','77888',18),('54095','82344',164),('54095','82480',18),('54095','82950',82),('54095','84154',113),('54095','85845',312),('54095','91234',394),('54095','96473',24),('54095','98436',77),('54095','99196',78),('66065','11966',175),('66065','14492',447),('66065','14645',41),('66065','15641',206),('66065','16606',462),('66065','20365',413),('66065','21436',85),('66065','21863',401),('66065','23393',483),('66065','28093',294),('66065','31396',96),('66065','31608',78),('66065','32767',64),('66065','35400',430),('66065','36135',255),('66065','36217',241),('66065','36969',482),('66065','37753',315),('66065','38112',333),('66065','39366',198),('66065','46442',310),('66065','47557',311),('66065','49225',191),('66065','50549',422),('66065','53383',73),('66065','55882',275),('66065','59213',204),('66065','62103',470),('66065','64873',79),('66065','69373',341),('66065','70433',330),('66065','70547',147),('66065','70754',110),('66065','71225',478),('66065','71567',68),('66065','74520',282),('66065','76338',216),('66065','77888',133),('66065','82344',146),('66065','82480',6),('66065','82950',112),('66065','84154',134),('66065','85845',442),('66065','91234',423),('66065','96473',218),('66065','98436',311),('66065','99196',23),('68580','11966',395),('68580','14492',458),('68580','14645',469),('68580','15641',9),('68580','16606',133),('68580','20365',45),('68580','21436',3),('68580','21863',449),('68580','23393',121),('68580','28093',357),('68580','31396',117),('68580','31608',68),('68580','32767',287),('68580','35400',442),('68580','36135',225),('68580','36217',345),('68580','36969',167),('68580','37753',405),('68580','38112',215),('68580','39366',248),('68580','46442',343),('68580','47557',298),('68580','49225',367),('68580','50549',258),('68580','53383',219),('68580','55882',179),('68580','59213',389),('68580','62103',305),('68580','64873',236),('68580','69373',116),('68580','70433',441),('68580','70547',348),('68580','70754',359),('68580','71225',490),('68580','71567',325),('68580','74520',50),('68580','76338',372),('68580','77888',496),('68580','82344',111),('68580','82480',125),('68580','82950',19),('68580','84154',191),('68580','85845',45),('68580','91234',461),('68580','96473',14),('68580','98436',318),('68580','99196',136),('94512','11966',287),('94512','14492',181),('94512','14645',139),('94512','15641',223),('94512','16606',401),('94512','20365',109),('94512','21436',484),('94512','21863',481),('94512','23393',220),('94512','28093',484),('94512','31396',138),('94512','31608',313),('94512','32767',8),('94512','35400',428),('94512','36135',437),('94512','36217',354),('94512','36969',245),('94512','37753',419),('94512','38112',217),('94512','39366',242),('94512','46442',180),('94512','47557',287),('94512','49225',120),('94512','50549',263),('94512','53383',41),('94512','55882',437),('94512','59213',287),('94512','62103',486),('94512','64873',16),('94512','69373',400),('94512','70433',217),('94512','70547',21),('94512','70754',271),('94512','71225',76),('94512','71567',17),('94512','74520',377),('94512','76338',171),('94512','77888',177),('94512','82344',92),('94512','82480',189),('94512','82950',6),('94512','84154',316),('94512','85845',392),('94512','91234',17),('94512','96473',364),('94512','98436',260),('94512','99196',499);
/*!40000 ALTER TABLE `stock` ENABLE KEYS */;
UNLOCK TABLES;

--
-- Table structure for table `stores`
--

DROP TABLE IF EXISTS `stores`;
/*!40101 SET @saved_cs_client     = @@character_set_client */;
/*!50503 SET character_set_client = utf8mb4 */;
CREATE TABLE `stores` (
  `Drug_ID` varchar(8) NOT NULL,
  `Pharmacy_ID` varchar(8) NOT NULL,
  PRIMARY KEY (`Drug_ID`,`Pharmacy_ID`),
  KEY `Pharmacy_ID` (`Pharmacy_ID`),
  CONSTRAINT `stores_ibfk_1` FOREIGN KEY (`Drug_ID`) REFERENCES `drug` (`Drug_ID`),
  CONSTRAINT `stores_ibfk_2` FOREIGN KEY (`Pharmacy_ID`) REFERENCES `pharmacy` (`Pharmacy_ID`) ON UPDATE CASCADE
) ENGINE=InnoDB DEFAULT CHARSET=utf8mb4 COLLATE=utf8mb4_0900_ai_ci;
/*!40101 SET character_set_client = @saved_cs_client */;

--
-- Dumping data for table `stores`
--

LOCK TABLES `stores` WRITE;
/*!40000 ALTER TABLE `stores` DISABLE KEYS */;
/*!40000 ALTER TABLE `stores` ENABLE KEYS */;
UNLOCK TABLES;

--
-- Table structure for table `takes`
--

DROP TABLE IF EXISTS `takes`;
/*!40101 SET @saved_cs_client     = @@character_set_client */;
/*!50503 SET character_set_client = utf8mb4 */;
CREATE TABLE `takes` (
  `Drug_ID` varchar(8) NOT NULL,
  `SSN` char(11) NOT NULL,
  PRIMARY KEY (`Drug_ID`,`SSN`),
  KEY `SSN` (`SSN`),
  CONSTRAINT `takes_ibfk_1` FOREIGN KEY (`Drug_ID`) REFERENCES `drug` (`Drug_ID`),
  CONSTRAINT `takes_ibfk_2` FOREIGN KEY (`SSN`) REFERENCES `patient` (`SSN`) ON UPDATE CASCADE
) ENGINE=InnoDB DEFAULT CHARSET=utf8mb4 COLLATE=utf8mb4_0900_ai_ci;
/*!40101 SET character_set_client = @saved_cs_client */;

--
-- Dumping data for table `takes`
--

LOCK TABLES `takes` WRITE;
/*!40000 ALTER TABLE `takes` DISABLE KEYS */;
INSERT INTO `takes` VALUES ('21863','122-57-6891'),('31608','167-14-6665'),('77888','270-73-9362'),('70433','285-45-2077'),('70547','285-45-2077'),('64873','313-18-8047'),('47557','555-78-7004'),('74520','555-78-7004'),('50549','652-55-8653'),('69373','780-44-7465'),('91234','780-44-7465'),('38112','809-37-6390'),('96473','862-95-7855');
/*!40000 ALTER TABLE `takes` ENABLE KEYS */;
UNLOCK TABLES;

--
-- Table structure for table `treats`
--

DROP TABLE IF EXISTS `treats`;
/*!40101 SET @saved_cs_client     = @@character_set_client */;
/*!50503 SET character_set_client = utf8mb4 */;
CREATE TABLE `treats` (
  `Drug_ID` varchar(8) NOT NULL,
  `Condition_Code` varchar(8) NOT NULL,
  PRIMARY KEY (`Drug_ID`,`Condition_Code`),
  KEY `Condition_Code` (`Condition_Code`),
  CONSTRAINT `treats_ibfk_1` FOREIGN KEY (`Drug_ID`) REFERENCES `drug` (`Drug_ID`),
  CONSTRAINT `treats_ibfk_2` FOREIGN KEY (`Condition_Code`) REFERENCES `conditions` (`Condition_Code`) ON UPDATE CASCADE
) ENGINE=InnoDB DEFAULT CHARSET=utf8mb4 COLLATE=utf8mb4_0900_ai_ci;
/*!40101 SET character_set_client = @saved_cs_client */;

--
-- Dumping data for table `treats`
--

LOCK TABLES `treats` WRITE;
/*!40000 ALTER TABLE `treats` DISABLE KEYS */;
INSERT INTO `treats` VALUES ('76338','C001'),('11966','C002'),('28093','C002'),('20365','C003'),('70433','C003'),('71567','C003'),('16606','C004'),('62103','C005'),('50549','C008'),('36135','C009'),('82480','C010'),('37753','C011'),('98436','C011'),('36217','C013'),('91234','C013'),('36969','C014'),('38112','C015'),('70547','C015'),('70754','C016'),('14645','C017'),('21436','C018'),('21863','C019'),('82950','C020'),('55882','C021'),('96473','C022'),('31608','C023'),('47557','C024'),('49225','C024'),('31396','C025'),('74520','C025'),('84154','C025'),('46442','C026'),('69373','C027'),('35400','C028'),('85845','C028'),('53383','C029'),('14492','C030'),('23393','C030'),('32767','C031'),('64873','C032'),('15641','C033'),('77888','C034'),('59213','C035'),('39366','C036'),('82344','C037'),('71225','C038'),('99196','C039');
/*!40000 ALTER TABLE `treats` ENABLE KEYS */;
UNLOCK TABLES;
/*!40103 SET TIME_ZONE=@OLD_TIME_ZONE */;

/*!40101 SET SQL_MODE=@OLD_SQL_MODE */;
/*!40014 SET FOREIGN_KEY_CHECKS=@OLD_FOREIGN_KEY_CHECKS */;
/*!40014 SET UNIQUE_CHECKS=@OLD_UNIQUE_CHECKS */;
/*!40101 SET CHARACTER_SET_CLIENT=@OLD_CHARACTER_SET_CLIENT */;
/*!40101 SET CHARACTER_SET_RESULTS=@OLD_CHARACTER_SET_RESULTS */;
/*!40101 SET COLLATION_CONNECTION=@OLD_COLLATION_CONNECTION */;
/*!40111 SET SQL_NOTES=@OLD_SQL_NOTES */;

-- Dump completed on 2025-04-17 15:40:25
